Name,Age,Current_Stock_Weight,Max_Drift,Churn_Prob,Initial Value,Suitability_Status
Soha Momin,19,0.833005742993839,0.03300574299383896,0.0,10000,PASS
John Doe,68,0.6516390979864778,0.05163909798647781,0.03,50000,PASS
Jane Smith,45,0.23766796487267025,0.03766796487267024,0.24,100000,PASS
Test Account,79,1.0,0.0,0.4,1000,FAIL: Excessive Age-Based Risk
Robert Brown,32,0.4539611871800245,0.05396118718002446,0.15,25000,PASS
